,Doc1,Doc2,Doc3,Doc4,Doc5
Doc1,1.0,0.16811502572637593,0.03640571236263706,0.2805992028979149,0.03301969538047367
Doc2,0.16811502572637593,0.9999999999999999,0.03323650771796778,0.32690462538356313,0.03014525164145321
Doc3,0.03640571236263706,0.03323650771796778,0.9999999999999999,0.0,0.19938610774628326
Doc4,0.2805992028979149,0.32690462538356313,0.0,1.0,0.07624601927356696
Doc5,0.03301969538047367,0.03014525164145321,0.19938610774628326,0.07624601927356696,1.0000000000000002
